https://www.flipkart.com/apple-iphone-15-blue-128-gb/p/itmbf14ef54f645d?pid=MOBGTAGPAQNVFZZY&lid=LSTMOBGTAGPAQNVFZZYQRLPCQ&marketplace=FLIPKART&q=AppleiPhone15Series&store=tyy%2F4io&srno=s_1_1&otracker=search&fm=organic&iid=9e36baf4-7507-47d1-8bc4-908cae488acd.MOBGTAGPAQNVFZZY.SEARCH&ppt=None&ppn=None&ssid=bfy37jj1vk0000001745600673218&qH=4e637a9d1246919b,"Apple iPhone 15 (Blue, 128 GB)","‚Çπ64,400",5,Mind-blowing purchase,Simply premium.
https://www.flipkart.com/apple-iphone-15-black-128-gb/p/itm6ac6485515ae4?pid=MOBGTAGPTB3VS24W&lid=LSTMOBGTAGPTB3VS24WCTBCFM&marketplace=FLIPKART&q=AppleiPhone15Series&store=tyy%2F4io&srno=s_1_2&otracker=search&fm=organic&iid=9e36baf4-7507-47d1-8bc4-908cae488acd.MOBGTAGPTB3VS24W.SEARCH&ppt=None&ppn=None&ssid=bfy37jj1vk0000001745600673218&qH=4e637a9d1246919b,"Apple iPhone 15 (Black, 128 GB)","‚Çπ64,400",4,Good choice,Camera Quality Is Improved Loving It
https://www.flipkart.com/apple-iphone-15-green-256-gb/p/itmc24db2484dee9?pid=MOBGTAGPGF8HJGS7&lid=LSTMOBGTAGPGF8HJGS7FKUSRQ&marketplace=FLIPKART&q=AppleiPhone15Series&store=tyy%2F4io&srno=s_1_3&otracker=search&fm=organic&iid=9e36baf4-7507-47d1-8bc4-908cae488acd.MOBGTAGPGF8HJGS7.SEARCH&ppt=None&ppn=None&ssid=bfy37jj1vk0000001745600673218&qH=4e637a9d1246919b,"Apple iPhone 15 (Green, 256 GB)","‚Çπ74,400",5,Worth every penny,Blue colour is very light But performance is very good
https://www.flipkart.com/apple-iphone-15-pink-256-gb/p/itmd205d11e1959e?pid=MOBGTAGPFDXBQ9BH&lid=LSTMOBGTAGPFDXBQ9BHQXXTMI&marketplace=FLIPKART&q=AppleiPhone15Series&store=tyy%2F4io&srno=s_1_4&otracker=search&fm=organic&iid=9e36baf4-7507-47d1-8bc4-908cae488acd.MOBGTAGPFDXBQ9BH.SEARCH&ppt=None&ppn=None&ssid=bfy37jj1vk0000001745600673218&qH=4e637a9d1246919b,"Apple iPhone 15 (Pink, 256 GB)","‚Çπ74,400",5,Awesome,The I phone 15 plus is just amazing the camera quality is waooo display is smooth to use worth the money
https://www.flipkart.com/apple-iphone-15-pink-128-gb/p/itm7579ed94ca647?pid=MOBGTAGPNMZA5PU5&lid=LSTMOBGTAGPNMZA5PU5AVZNIR&marketplace=FLIPKART&q=AppleiPhone15Series&store=tyy%2F4io&srno=s_1_5&otracker=search&fm=organic&iid=9e36baf4-7507-47d1-8bc4-908cae488acd.MOBGTAGPNMZA5PU5.SEARCH&ppt=None&ppn=None&ssid=bfy37jj1vk0000001745600673218&qH=4e637a9d1246919b,"Apple iPhone 15 (Pink, 128 GB)","‚Çπ64,400",5,Just wow!,Best in class
https://www.flipkart.com/apple-iphone-15-green-128-gb/p/itm235cd318bde73?pid=MOBGTAGPYYWZRUJX&lid=LSTMOBGTAGPYYWZRUJXXIP6YM&marketplace=FLIPKART&q=AppleiPhone15Series&store=tyy%2F4io&srno=s_1_6&otracker=search&fm=organic&iid=9e36baf4-7507-47d1-8bc4-908cae488acd.MOBGTAGPYYWZRUJX.SEARCH&ppt=None&ppn=None&ssid=bfy37jj1vk0000001745600673218&qH=4e637a9d1246919b,"Apple iPhone 15 (Green, 128 GB)","‚Çπ64,400",5,Fabulous!,Just go for it.Amazing one.Beautiful camera with super fast processor
https://www.flipkart.com/apple-iphone-15-unboxed-black-256-gb/p/itm6da62740b9340?pid=MOBH28RGDGMDWZJE&lid=LSTMOBH28RGDGMDWZJET2ZSII&marketplace=FLIPKART&q=AppleiPhone15Series&store=tyy%2F4io&srno=s_1_7&otracker=search&fm=organic&iid=9e36baf4-7507-47d1-8bc4-908cae488acd.MOBH28RGDGMDWZJE.SEARCH&ppt=None&ppn=None&ssid=bfy37jj1vk0000001745600673218&qH=4e637a9d1246919b,"Apple iPhone 15 - Unboxed (Black, 256 GB)","‚Çπ59,500",5,Worth every penny,Camera is just like DSLR and battery backup is superb. You can definitely go for it . its a beast phone
https://www.flipkart.com/apple-iphone-15-unboxed-pink-128-gb/p/itm7648dcb134f99?pid=MOBH28RGGCCRQHZZ&lid=LSTMOBH28RGGCCRQHZZ49FWZI&marketplace=FLIPKART&q=AppleiPhone15Series&store=tyy%2F4io&srno=s_1_8&otracker=search&fm=organic&iid=9e36baf4-7507-47d1-8bc4-908cae488acd.MOBH28RGGCCRQHZZ.SEARCH&ppt=None&ppn=None&ssid=bfy37jj1vk0000001745600673218&qH=4e637a9d1246919b,"Apple iPhone 15 - Unboxed (Pink, 128 GB)","‚Çπ51,000",5,Awesome,Fabulous üòçLoved it Camera awesome üòòPerformance too good
https://www.flipkart.com/apple-iphone-15-unboxed-green-256-gb/p/itmf45e1acc98c77?pid=MOBH28RGEVHH9TCC&lid=LSTMOBH28RGEVHH9TCCAVXM5T&marketplace=FLIPKART&q=AppleiPhone15Series&store=tyy%2F4io&srno=s_1_9&otracker=search&fm=organic&iid=9e36baf4-7507-47d1-8bc4-908cae488acd.MOBH28RGEVHH9TCC.SEARCH&ppt=None&ppn=None&ssid=bfy37jj1vk0000001745600673218&qH=4e637a9d1246919b,"Apple iPhone 15 - Unboxed (Green, 256 GB)","‚Çπ59,500",4,Worth the money,High quality cameraüòç
https://www.flipkart.com/apple-iphone-15-black-256-gb/p/itm6f0727e3e3b52?pid=MOBGTAGPSMHFKHT5&lid=LSTMOBGTAGPSMHFKHT5QSQH4U&marketplace=FLIPKART&q=AppleiPhone15Series&store=tyy%2F4io&srno=s_1_10&otracker=search&fm=organic&iid=9e36baf4-7507-47d1-8bc4-908cae488acd.MOBGTAGPSMHFKHT5.SEARCH&ppt=None&ppn=None&ssid=bfy37jj1vk0000001745600673218&qH=4e637a9d1246919b,"Apple iPhone 15 (Black, 256 GB)","‚Çπ74,400",5,Brilliant,Best mobile phoneCamera quality is very nice Battery backup is very good Sound quality is amazing.
https://www.flipkart.com/apple-iphone-15-unboxed-green-128-gb/p/itm5d0c06422ca5e?pid=MOBH28RGZGXH7ZDE&lid=LSTMOBH28RGZGXH7ZDEZVDGL8&marketplace=FLIPKART&q=AppleiPhone15Series&store=tyy%2F4io&srno=s_1_11&otracker=search&fm=organic&iid=9e36baf4-7507-47d1-8bc4-908cae488acd.MOBH28RGZGXH7ZDE.SEARCH&ppt=None&ppn=None&ssid=bfy37jj1vk0000001745600673218&qH=4e637a9d1246919b,"Apple iPhone 15 - Unboxed (Green, 128 GB)","‚Çπ51,000",5,Mind-blowing purchase,This is second iPhone love it üòçüòç
https://www.flipkart.com/apple-iphone-15-yellow-128-gb/p/itm825e4ad0b80ca?pid=MOBGTAGPDTKHHHZU&lid=LSTMOBGTAGPDTKHHHZUTQZRMS&marketplace=FLIPKART&q=AppleiPhone15Series&store=tyy%2F4io&srno=s_1_12&otracker=search&fm=organic&iid=9e36baf4-7507-47d1-8bc4-908cae488acd.MOBGTAGPDTKHHHZU.SEARCH&ppt=None&ppn=None&ssid=bfy37jj1vk0000001745600673218&qH=4e637a9d1246919b,"Apple iPhone 15 (Yellow, 128 GB)","‚Çπ64,400",4,Good choice,Awesome photography experience. Battery backup is good . Display is much better than 14 version.
https://www.flipkart.com/apple-iphone-15-blue-512-gb/p/itmbd86e796dea27?pid=MOBGTAGPQMKPVK7Q&lid=LSTMOBGTAGPQMKPVK7QVLLTUB&marketplace=FLIPKART&q=AppleiPhone15Series&store=tyy%2F4io&srno=s_1_13&otracker=search&fm=organic&iid=9e36baf4-7507-47d1-8bc4-908cae488acd.MOBGTAGPQMKPVK7Q.SEARCH&ppt=None&ppn=None&ssid=bfy37jj1vk0000001745600673218&qH=4e637a9d1246919b,"Apple iPhone 15 (Blue, 512 GB)",No product info found,5,Worth every penny,No product info found
https://www.flipkart.com/apple-iphone-15-blue-256-gb/p/itm986f66c53cae4?pid=MOBGTAGPNEZZY2YR&lid=LSTMOBGTAGPNEZZY2YRE1FCIG&marketplace=FLIPKART&q=AppleiPhone15Series&store=tyy%2F4io&srno=s_1_14&otracker=search&fm=organic&iid=9e36baf4-7507-47d1-8bc4-908cae488acd.MOBGTAGPNEZZY2YR.SEARCH&ppt=None&ppn=None&ssid=bfy37jj1vk0000001745600673218&qH=4e637a9d1246919b,"Apple iPhone 15 (Blue, 256 GB)","‚Çπ74,400",5,Awesome,"So beautiful, so elegant, just a vowwwüòç‚ù§Ô∏è"
https://www.flipkart.com/apple-iphone-15-unboxed-blue-128-gb/p/itm1166197508ab7?pid=MOBH28RGWGAGBXCR&lid=LSTMOBH28RGWGAGBXCRDTXDOH&marketplace=FLIPKART&q=AppleiPhone15Series&store=tyy%2F4io&srno=s_1_15&otracker=search&fm=organic&iid=9e36baf4-7507-47d1-8bc4-908cae488acd.MOBH28RGWGAGBXCR.SEARCH&ppt=None&ppn=None&ssid=bfy37jj1vk0000001745600673218&qH=4e637a9d1246919b,"Apple iPhone 15 - Unboxed (Blue, 128 GB)","‚Çπ51,000",5,Just wow!,Totally happy!Camera 5Battery 5 Display 5Design 5
https://www.flipkart.com/apple-iphone-15-unboxed-blue-256-gb/p/itm222dcdf8d0797?pid=MOBH28RGHPZJT5KK&lid=LSTMOBH28RGHPZJT5KKF8RKD0&marketplace=FLIPKART&q=AppleiPhone15Series&store=tyy%2F4io&srno=s_1_16&otracker=search&fm=organic&iid=9e36baf4-7507-47d1-8bc4-908cae488acd.MOBH28RGHPZJT5KK.SEARCH&ppt=None&ppn=None&ssid=bfy37jj1vk0000001745600673218&qH=4e637a9d1246919b,"Apple iPhone 15 - Unboxed (Blue, 256 GB)","‚Çπ59,500",5,Fabulous!,Very nice
https://www.flipkart.com/apple-iphone-15-unboxed-yellow-128-gb/p/itmcaceed1d026c9?pid=MOBH28RGZJEX2JBH&lid=LSTMOBH28RGZJEX2JBHET9UM6&marketplace=FLIPKART&q=AppleiPhone15Series&store=tyy%2F4io&srno=s_1_17&otracker=search&fm=organic&iid=9e36baf4-7507-47d1-8bc4-908cae488acd.MOBH28RGZJEX2JBH.SEARCH&ppt=None&ppn=None&ssid=bfy37jj1vk0000001745600673218&qH=4e637a9d1246919b,"Apple iPhone 15 - Unboxed (Yellow, 128 GB)","‚Çπ51,000",5,Worth every penny,Just See the beauty of Camera omg üòò
https://www.flipkart.com/apple-iphone-15-yellow-256-gb/p/itm15490cbedb547?pid=MOBGTAGPCNEPMZTB&lid=LSTMOBGTAGPCNEPMZTB8DO0AA&marketplace=FLIPKART&q=AppleiPhone15Series&store=tyy%2F4io&srno=s_1_18&otracker=search&fm=organic&iid=9e36baf4-7507-47d1-8bc4-908cae488acd.MOBGTAGPCNEPMZTB.SEARCH&ppt=None&ppn=None&ssid=bfy37jj1vk0000001745600673218&qH=4e637a9d1246919b,"Apple iPhone 15 (Yellow, 256 GB)","‚Çπ74,400",5,Awesome,Go for it without any hesitation Camera and battery are just awesome
https://www.flipkart.com/apple-iphone-15-black-512-gb/p/itm232a6b488abe2?pid=MOBGTAGPEXNGM7BM&lid=LSTMOBGTAGPEXNGM7BMOE3LR2&marketplace=FLIPKART&q=AppleiPhone15Series&store=tyy%2F4io&srno=s_1_19&otracker=search&fm=organic&iid=9e36baf4-7507-47d1-8bc4-908cae488acd.MOBGTAGPEXNGM7BM.SEARCH&ppt=None&ppn=None&ssid=bfy37jj1vk0000001745600673218&qH=4e637a9d1246919b,"Apple iPhone 15 (Black, 512 GB)","‚Çπ94,400",4,Worth the money,Go fr it
https://www.flipkart.com/apple-iphone-15-yellow-512-gb/p/itmb7571302e14f1?pid=MOBGTAGPPKPQTZVZ&lid=LSTMOBGTAGPPKPQTZVZJEVWEZ&marketplace=FLIPKART&q=AppleiPhone15Series&store=tyy%2F4io&srno=s_1_20&otracker=search&fm=organic&iid=9e36baf4-7507-47d1-8bc4-908cae488acd.MOBGTAGPPKPQTZVZ.SEARCH&ppt=None&ppn=None&ssid=bfy37jj1vk0000001745600673218&qH=4e637a9d1246919b,"Apple iPhone 15 (Yellow, 512 GB)","‚Çπ94,400",5,Brilliant,Switch from OnePlus to iPhone I am stunned with camera performance. Everything is perfect on  iPhone 15.
https://www.flipkart.com/apple-iphone-15-green-512-gb/p/itmc31a023efd1a3?pid=MOBGTAGPZVBANCKG&lid=LSTMOBGTAGPZVBANCKGQDUOYO&marketplace=FLIPKART&q=AppleiPhone15Series&store=tyy%2F4io&srno=s_1_21&otracker=search&fm=organic&iid=9e36baf4-7507-47d1-8bc4-908cae488acd.MOBGTAGPZVBANCKG.SEARCH&ppt=None&ppn=None&ssid=bfy37jj1vk0000001745600673218&qH=4e637a9d1246919b,"Apple iPhone 15 (Green, 512 GB)",No product info found,5,Mind-blowing purchase,Terrific purchase. I know it's costly for many people but it's worth every penny.
