https://www.flipkart.com/apple-iphone-16-white-128-gb/p/itm7c0281cd247be?pid=MOBH4DQF849HCG6G&lid=LSTMOBH4DQF849HCG6GXHBPXY&marketplace=FLIPKART&q=iphone16&store=tyy%2F4io&spotlightTagId=default_BestsellerId_tyy%2F4io&srno=s_1_1&otracker=search&fm=organic&iid=6b6eb16c-e795-4373-892d-f362aa89f6de.MOBH4DQF849HCG6G.SEARCH&ppt=None&ppn=None&ssid=t6y91ij6ww0000001745585993401&qH=12515f6ffd04a95a,"Apple iPhone 16 (White, 128 GB)",74900.00,5,Mind-blowing purchase,Super and cool photo
https://www.flipkart.com/apple-iphone-16-teal-128-gb/p/itmce4bb3f55cc2f?pid=MOBH4DQFSY9ETDUU&lid=LSTMOBH4DQFSY9ETDUUX0E7YU&marketplace=FLIPKART&q=iphone16&store=tyy%2F4io&srno=s_1_2&otracker=search&fm=organic&iid=6b6eb16c-e795-4373-892d-f362aa89f6de.MOBH4DQFSY9ETDUU.SEARCH&ppt=None&ppn=None&ssid=t6y91ij6ww0000001745585993401&qH=12515f6ffd04a95a,"Apple iPhone 16 (Teal, 128 GB)",74900.00,5,Mind-blowing purchase,Super and cool photo
https://www.flipkart.com/apple-iphone-16-white-256-gb/p/itma0ed9b33a2973?pid=MOBH4DQFCU7ZY9HG&lid=LSTMOBH4DQFCU7ZY9HGLY6DQP&marketplace=FLIPKART&q=iphone16&store=tyy%2F4io&srno=s_1_3&otracker=search&fm=organic&iid=6b6eb16c-e795-4373-892d-f362aa89f6de.MOBH4DQFCU7ZY9HG.SEARCH&ppt=None&ppn=None&ssid=t6y91ij6ww0000001745585993401&qH=12515f6ffd04a95a,"Apple iPhone 16 (White, 256 GB)",84900.00,5,Mind-blowing purchase,Super and cool photo
https://www.flipkart.com/apple-iphone-16-ultramarine-256-gb/p/itm03cecd3e85111?pid=MOBH4DQFMGE7UC8Q&lid=LSTMOBH4DQFMGE7UC8QXZXA8M&marketplace=FLIPKART&q=iphone16&store=tyy%2F4io&srno=s_1_4&otracker=search&fm=organic&iid=6b6eb16c-e795-4373-892d-f362aa89f6de.MOBH4DQFMGE7UC8Q.SEARCH&ppt=None&ppn=None&ssid=t6y91ij6ww0000001745585993401&qH=12515f6ffd04a95a,"Apple iPhone 16 (Ultramarine, 256 GB)",84900.00,5,Mind-blowing purchase,No product info found
https://www.flipkart.com/apple-iphone-16-pro-desert-titanium-256-gb/p/itm4f25cec0bd003?pid=MOBH4DQFEZFXPGNJ&lid=LSTMOBH4DQFEZFXPGNJV4UWQH&marketplace=FLIPKART&q=iphone16&store=tyy%2F4io&srno=s_1_5&otracker=search&fm=organic&iid=6b6eb16c-e795-4373-892d-f362aa89f6de.MOBH4DQFEZFXPGNJ.SEARCH&ppt=None&ppn=None&ssid=t6y91ij6ww0000001745585993401&qH=12515f6ffd04a95a,"Apple iPhone 16 Pro (Desert Titanium, 256 GB)",No product info found,5,Mind-blowing purchase,No product info found
https://www.flipkart.com/apple-iphone-16-teal-256-gb/p/itm2b7be11cfadef?pid=MOBH4DQFYKJHESFG&lid=LSTMOBH4DQFYKJHESFG4RZ0KX&marketplace=FLIPKART&q=iphone16&store=tyy%2F4io&srno=s_1_6&otracker=search&fm=organic&iid=6b6eb16c-e795-4373-892d-f362aa89f6de.MOBH4DQFYKJHESFG.SEARCH&ppt=None&ppn=None&ssid=t6y91ij6ww0000001745585993401&qH=12515f6ffd04a95a,"Apple iPhone 16 (Teal, 256 GB)",84900.00,5,Classy product,"Awesome and superb! Upgraded from iPhone 12 to 16pro after 4 years. Display is awesome and bigger , the bezel is much slimmer , dedicated camera control feature  with swipe feature  and changes of exposure is superb and quick. Lighter weight even. Overall an excellent one . Definitely can  go for it ü´∂üëçü§ç"
https://www.flipkart.com/apple-iphone-16-pink-256-gb/p/itm0d8c695cded44?pid=MOBH4DQF28XAYM2S&lid=LSTMOBH4DQF28XAYM2S3JPA23&marketplace=FLIPKART&q=iphone16&store=tyy%2F4io&srno=s_1_7&otracker=search&fm=organic&iid=6b6eb16c-e795-4373-892d-f362aa89f6de.MOBH4DQF28XAYM2S.SEARCH&ppt=None&ppn=None&ssid=t6y91ij6ww0000001745585993401&qH=12515f6ffd04a95a,"Apple iPhone 16 (Pink, 256 GB)",No product info found,5,Best in the market!,"Excellent, awesome thanks  Flipkart."
https://www.flipkart.com/apple-iphone-16-pro-white-titanium-512-gb/p/itm748273e9c8828?pid=MOBH4JCVJWZH2GTM&lid=LSTMOBH4JCVJWZH2GTMKVGCT6&marketplace=FLIPKART&q=iphone16&store=tyy%2F4io&srno=s_1_8&otracker=search&fm=organic&iid=6b6eb16c-e795-4373-892d-f362aa89f6de.MOBH4JCVJWZH2GTM.SEARCH&ppt=None&ppn=None&ssid=t6y91ij6ww0000001745585993401&qH=12515f6ffd04a95a,"Apple iPhone 16 Pro (White Titanium, 512 GB)","1,42,900",5,Mind-blowing purchase,Super and cool photo
https://www.flipkart.com/apple-iphone-16-plus-teal-128-gb/p/itmfa939eebe8adf?pid=MOBH4DQFEUZVMK6G&lid=LSTMOBH4DQFEUZVMK6GOZPF2R&marketplace=FLIPKART&q=iphone16&store=tyy%2F4io&srno=s_1_9&otracker=search&fm=organic&iid=6b6eb16c-e795-4373-892d-f362aa89f6de.MOBH4DQFEUZVMK6G.SEARCH&ppt=None&ppn=None&ssid=t6y91ij6ww0000001745585993401&qH=12515f6ffd04a95a,"Apple iPhone 16 Plus (Teal, 128 GB)",84900.00,5,Classy product,"Awesome and superb! Upgraded from iPhone 12 to 16pro after 4 years. Display is awesome and bigger , the bezel is much slimmer , dedicated camera control feature  with swipe feature  and changes of exposure is superb and quick. Lighter weight even. Overall an excellent one . Definitely can  go for it ü´∂üëçü§ç"
https://www.flipkart.com/apple-iphone-16-plus-black-256-gb/p/itma302a45837ec4?pid=MOBH4DQF7JGHH7QZ&lid=LSTMOBH4DQF7JGHH7QZXSCWPV&marketplace=FLIPKART&q=iphone16&store=tyy%2F4io&srno=s_1_10&otracker=search&fm=organic&iid=6b6eb16c-e795-4373-892d-f362aa89f6de.MOBH4DQF7JGHH7QZ.SEARCH&ppt=None&ppn=None&ssid=t6y91ij6ww0000001745585993401&qH=12515f6ffd04a95a,"Apple iPhone 16 Plus (Black, 256 GB)",94900.00,5,Mind-blowing purchase,Super and cool photo
https://www.flipkart.com/apple-iphone-16-plus-pink-256-gb/p/itm2e8da1548666b?pid=MOBH4DQFMHVMB3FH&lid=LSTMOBH4DQFMHVMB3FHXNC2US&marketplace=FLIPKART&q=iphone16&store=tyy%2F4io&srno=s_1_11&otracker=search&fm=organic&iid=6b6eb16c-e795-4373-892d-f362aa89f6de.MOBH4DQFMHVMB3FH.SEARCH&ppt=None&ppn=None&ssid=t6y91ij6ww0000001745585993401&qH=12515f6ffd04a95a,"Apple iPhone 16 Plus (Pink, 256 GB)",94900.00,5,Best in the market!,No product info found
https://www.flipkart.com/apple-iphone-16-plus-white-128-gb/p/itm0635ebbf8c665?pid=MOBH4DQF3AJNKARR&lid=LSTMOBH4DQF3AJNKARRT235WT&marketplace=FLIPKART&q=iphone16&store=tyy%2F4io&srno=s_1_12&otracker=search&fm=organic&iid=6b6eb16c-e795-4373-892d-f362aa89f6de.MOBH4DQF3AJNKARR.SEARCH&ppt=None&ppn=None&ssid=t6y91ij6ww0000001745585993401&qH=12515f6ffd04a95a,"Apple iPhone 16 Plus (White, 128 GB)",No product info found,5,Best in the market!,"Excellent, awesome thanks  Flipkart."
https://www.flipkart.com/apple-iphone-16-pro-white-titanium-256-gb/p/itm35f749ba5d1ea?pid=MOBH4JCVFZ3ADSHJ&lid=LSTMOBH4JCVFZ3ADSHJBCGX4N&marketplace=FLIPKART&q=iphone16&store=tyy%2F4io&srno=s_1_13&otracker=search&fm=organic&iid=6b6eb16c-e795-4373-892d-f362aa89f6de.MOBH4JCVFZ3ADSHJ.SEARCH&ppt=None&ppn=None&ssid=t6y91ij6ww0000001745585993401&qH=12515f6ffd04a95a,"Apple iPhone 16 Pro (White Titanium, 256 GB)",No product info found,5,Best in the market!,"Excellent, awesome thanks  Flipkart."
https://www.flipkart.com/apple-iphone-16-plus-white-256-gb/p/itmc63bd0635f400?pid=MOBH4DQFJBVD9HXR&lid=LSTMOBH4DQFJBVD9HXRID41K3&marketplace=FLIPKART&q=iphone16&store=tyy%2F4io&srno=s_1_14&otracker=search&fm=organic&iid=6b6eb16c-e795-4373-892d-f362aa89f6de.MOBH4DQFJBVD9HXR.SEARCH&ppt=None&ppn=None&ssid=t6y91ij6ww0000001745585993401&qH=12515f6ffd04a95a,"Apple iPhone 16 Plus (White, 256 GB)",94900.00,5,Best in the market!,No product info found
https://www.flipkart.com/apple-iphone-16-black-512-gb/p/itmb52fe1efa6c38?pid=MOBH4DQF8HRDZ3ZV&lid=LSTMOBH4DQF8HRDZ3ZVU6PTRC&marketplace=FLIPKART&q=iphone16&store=tyy%2F4io&srno=s_1_15&otracker=search&fm=organic&iid=6b6eb16c-e795-4373-892d-f362aa89f6de.MOBH4DQF8HRDZ3ZV.SEARCH&ppt=None&ppn=None&ssid=t6y91ij6ww0000001745585993401&qH=12515f6ffd04a95a,"Apple iPhone 16 (Black, 512 GB)","1,04,900",5,Best in the market!,"Excellent, awesome thanks  Flipkart."
https://www.flipkart.com/apple-iphone-16-ultramarine-512-gb/p/itmb4be95353ad99?pid=MOBH4DQFGCWDXMRN&lid=LSTMOBH4DQFGCWDXMRNKV7ZMD&marketplace=FLIPKART&q=iphone16&store=tyy%2F4io&srno=s_1_16&otracker=search&fm=organic&iid=6b6eb16c-e795-4373-892d-f362aa89f6de.MOBH4DQFGCWDXMRN.SEARCH&ppt=None&ppn=None&ssid=t6y91ij6ww0000001745585993401&qH=12515f6ffd04a95a,"Apple iPhone 16 (Ultramarine, 512 GB)","1,04,900",5,Best in the market!,"Excellent, awesome thanks  Flipkart."
https://www.flipkart.com/apple-iphone-16-white-512-gb/p/itm4c4221d0fcd24?pid=MOBH4DQFJUKGK4EP&lid=LSTMOBH4DQFJUKGK4EP2JZ1FL&marketplace=FLIPKART&q=iphone16&store=tyy%2F4io&srno=s_1_17&otracker=search&fm=organic&iid=6b6eb16c-e795-4373-892d-f362aa89f6de.MOBH4DQFJUKGK4EP.SEARCH&ppt=None&ppn=None&ssid=t6y91ij6ww0000001745585993401&qH=12515f6ffd04a95a,"Apple iPhone 16 (White, 512 GB)","1,04,900",5,Best in the market!,"Excellent, awesome thanks  Flipkart."
https://www.flipkart.com/apple-iphone-16-plus-white-512-gb/p/itmd2bc1642ed231?pid=MOBH4DQFJ7F8NFGN&lid=LSTMOBH4DQFJ7F8NFGNSHV7TN&marketplace=FLIPKART&q=iphone16&store=tyy%2F4io&srno=s_1_18&otracker=search&fm=organic&iid=6b6eb16c-e795-4373-892d-f362aa89f6de.MOBH4DQFJ7F8NFGN.SEARCH&ppt=None&ppn=None&ssid=t6y91ij6ww0000001745585993401&qH=12515f6ffd04a95a,"Apple iPhone 16 Plus (White, 512 GB)","1,14,900",5,Best in the market!,No product info found
https://www.flipkart.com/apple-iphone-16-plus-black-512-gb/p/itm2c56df4c492fa?pid=MOBH4DQFHDV8EADF&lid=LSTMOBH4DQFHDV8EADFREPBCT&marketplace=FLIPKART&q=iphone16&store=tyy%2F4io&srno=s_1_19&otracker=search&fm=organic&iid=6b6eb16c-e795-4373-892d-f362aa89f6de.MOBH4DQFHDV8EADF.SEARCH&ppt=None&ppn=None&ssid=t6y91ij6ww0000001745585993401&qH=12515f6ffd04a95a,"Apple iPhone 16 Plus (Black, 512 GB)","1,14,900",5,Mind-blowing purchase,Super and cool photo
https://www.flipkart.com/apple-iphone-16-teal-512-gb/p/itm7a8beefdfde98?pid=MOBH4DQFAJUYSRRH&lid=LSTMOBH4DQFAJUYSRRH4YB2DA&marketplace=FLIPKART&q=iphone16&store=tyy%2F4io&srno=s_1_20&otracker=search&fm=organic&iid=6b6eb16c-e795-4373-892d-f362aa89f6de.MOBH4DQFAJUYSRRH.SEARCH&ppt=None&ppn=None&ssid=t6y91ij6ww0000001745585993401&qH=12515f6ffd04a95a,"Apple iPhone 16 (Teal, 512 GB)","1,04,900",5,Mind-blowing purchase,Super and cool photo
https://www.flipkart.com/apple-iphone-16-plus-pink-512-gb/p/itmff770e5f03211?pid=MOBH4DQFGNVUBH9G&lid=LSTMOBH4DQFGNVUBH9GKUFBHE&marketplace=FLIPKART&q=iphone16&store=tyy%2F4io&srno=s_1_21&otracker=search&fm=organic&iid=6b6eb16c-e795-4373-892d-f362aa89f6de.MOBH4DQFGNVUBH9G.SEARCH&ppt=None&ppn=None&ssid=t6y91ij6ww0000001745585993401&qH=12515f6ffd04a95a,"Apple iPhone 16 Plus (Pink, 512 GB)","1,14,900",5,Mind-blowing purchase,Super and cool photo
https://www.flipkart.com/apple-iphone-16-pink-512-gb/p/itm4e11b083bd78c?pid=MOBH4DQFMGBX6CK8&lid=LSTMOBH4DQFMGBX6CK82SCP3J&marketplace=FLIPKART&q=iphone16&store=tyy%2F4io&srno=s_1_22&otracker=search&fm=organic&iid=6b6eb16c-e795-4373-892d-f362aa89f6de.MOBH4DQFMGBX6CK8.SEARCH&ppt=None&ppn=None&ssid=t6y91ij6ww0000001745585993401&qH=12515f6ffd04a95a,"Apple iPhone 16 (Pink, 512 GB)","1,04,900",5,Best in the market!,"Excellent, awesome thanks  Flipkart."
https://www.flipkart.com/apple-iphone-16-black-128-gb/p/itmb07d67f995271?pid=MOBH4DQFG8NKFRDY&lid=LSTMOBH4DQFG8NKFRDYKOOGZ6&marketplace=FLIPKART&q=iphone16&store=tyy%2F4io&spotlightTagId=default_BestsellerId_tyy%2F4io&srno=s_1_23&otracker=search&fm=organic&iid=6b6eb16c-e795-4373-892d-f362aa89f6de.MOBH4DQFG8NKFRDY.SEARCH&ppt=None&ppn=None&ssid=t6y91ij6ww0000001745585993401&qH=12515f6ffd04a95a,"Apple iPhone 16 (Black, 128 GB)",74900.00,5,Best in the market!,No product info found
https://www.flipkart.com/apple-iphone-16-pink-128-gb/p/itmc2e910b4d0b1c?pid=MOBH4DQFWJVDRSHM&lid=LSTMOBH4DQFWJVDRSHMQYAA7N&marketplace=FLIPKART&q=iphone16&store=tyy%2F4io&spotlightTagId=default_BestsellerId_tyy%2F4io&srno=s_1_24&otracker=search&fm=organic&iid=6b6eb16c-e795-4373-892d-f362aa89f6de.MOBH4DQFWJVDRSHM.SEARCH&ppt=None&ppn=None&ssid=t6y91ij6ww0000001745585993401&qH=12515f6ffd04a95a,"Apple iPhone 16 (Pink, 128 GB)",74900.00,5,Mind-blowing purchase,Super and cool photo
